,n,C1,rho,norm_gradient,time,final_score,converges,iterations
0,2,0.2,0.2,5.577018880458987e-07,0.03034830093383789,5.892302726636391e-15,True,12
1,1000,0.2,0.2,8.851308668237188e-07,0.10524344444274902,2.3706374704529056e-14,True,19
2,10000,0.2,0.2,7.861668483059093e-07,0.446885347366333,1.9330706724969183e-14,True,19
3,100000,0.2,0.2,8.226383410682898e-07,5.204530239105225,2.0353514614570246e-14,True,19
4,2,0.4,0.2,3.526845797916777e-07,0.031487226486206055,2.6840303128641787e-15,True,14
5,1000,0.4,0.2,8.851308668237188e-07,0.10533952713012695,2.3706374704529056e-14,True,19
6,10000,0.4,0.2,7.861668483059093e-07,0.44908905029296875,1.9330706724969183e-14,True,19
7,100000,0.4,0.2,8.226383410682898e-07,5.108875751495361,2.0353514614570246e-14,True,19
8,2,0.6,0.2,8.766737484129933e-07,0.1773226261138916,2.0154574081497133e-14,True,80
9,1000,0.6,0.2,8.649534420601739e-07,0.5389852523803711,2.427222300158174e-14,True,93
10,10000,0.6,0.2,9.084795815312073e-07,2.010206699371338,2.4991663724585806e-14,True,98
11,100000,0.6,0.2,9.599389525210823e-07,21.47300362586975,2.7117308215261506e-14,True,102
12,2,0.8,0.2,8.372509440980717e-07,0.2007734775543213,1.8361873569540977e-14,True,90
13,1000,0.8,0.2,8.649534420601739e-07,0.54860520362854,2.427222300158174e-14,True,93
14,10000,0.8,0.2,9.084795815312073e-07,2.0149881839752197,2.4991663724585806e-14,True,98
15,100000,0.8,0.2,9.599389525210823e-07,21.628349781036377,2.7117308215261506e-14,True,102
16,2,0.2,0.4,5.577018880458987e-07,0.030081748962402344,5.892302726636391e-15,True,12
17,1000,0.2,0.4,8.851308668237188e-07,0.1055765151977539,2.3706374704529056e-14,True,19
18,10000,0.2,0.4,7.861668483059093e-07,0.3975977897644043,1.9330706724969183e-14,True,19
19,100000,0.2,0.4,8.226383410682898e-07,4.77366042137146,2.0353514614570246e-14,True,19
20,2,0.4,0.4,3.313372488070706e-07,0.028847694396972656,2.4702978894925087e-15,True,13
21,1000,0.4,0.4,8.851308668237188e-07,0.10463380813598633,2.3706374704529056e-14,True,19
22,10000,0.4,0.4,7.861668483059093e-07,0.3984251022338867,1.9330706724969183e-14,True,19
23,100000,0.4,0.4,8.226383410682898e-07,4.787365674972534,2.0353514614570246e-14,True,19
24,2,0.6,0.4,6.490939171041873e-07,0.08115863800048828,5.4624385721266435e-15,True,37
25,1000,0.6,0.4,9.439029760582871e-07,0.2444310188293457,2.8745979531121653e-14,True,43
26,10000,0.6,0.4,8.704162213557801e-07,0.9148902893066406,2.941531435646073e-14,True,46
27,100000,0.6,0.4,8.595344054777415e-07,10.122387647628784,2.611660073345297e-14,True,48
28,2,0.8,0.4,9.902995670647085e-07,0.17377400398254395,2.1673363892163712e-14,True,78
29,1000,0.8,0.4,8.738766373901969e-07,0.6184313297271729,2.5449680721825123e-14,True,98
30,10000,0.8,0.4,9.565194521043842e-07,2.217090368270874,2.8316499851856546e-14,True,102
31,100000,0.8,0.4,9.755725568200554e-07,23.822312593460083,2.973835109782269e-14,True,106
32,2,0.2,0.6,5.577018880458987e-07,0.03042769432067871,5.892302726636391e-15,True,12
33,1000,0.2,0.6,8.851308668237188e-07,0.10487532615661621,2.3706374704529056e-14,True,19
34,10000,0.2,0.6,7.861668483059093e-07,0.39531683921813965,1.9330706724969183e-14,True,19
35,100000,0.2,0.6,8.226383410682898e-07,4.791320562362671,2.0353514614570246e-14,True,19
36,2,0.4,0.6,2.2274623040500718e-07,0.029434919357299805,1.370635588996263e-15,True,13
37,1000,0.4,0.6,8.851308668237188e-07,0.10421490669250488,2.3706374704529056e-14,True,19
38,10000,0.4,0.6,7.861668483059093e-07,0.4021446704864502,1.9330706724969183e-14,True,19
39,100000,0.4,0.6,8.226383410682898e-07,4.777362585067749,2.0353514614570246e-14,True,19
40,2,0.6,0.6,7.353291274297878e-07,0.04869532585144043,1.7423361871202535e-14,True,22
41,1000,0.6,0.6,8.613365540512449e-07,0.14973759651184082,1.835643853240549e-14,True,26
42,10000,0.6,0.6,8.116874363610786e-07,0.5733659267425537,1.6711289972053154e-14,True,27
43,100000,0.6,0.6,8.226912797200101e-07,6.065770149230957,1.089357128594189e-14,True,29
44,2,0.8,0.6,9.246881951986051e-07,0.14606165885925293,1.6908010493569233e-14,True,65
45,1000,0.8,0.6,9.992391151787562e-07,0.4537017345428467,3.131684308488639e-14,True,73
46,10000,0.8,0.6,9.214467462853755e-07,1.6767427921295166,2.595919741826009e-14,True,76
47,100000,0.8,0.6,9.526610411317305e-07,17.50565767288208,2.7221359537204988e-14,True,77
48,2,0.2,0.8,5.577018880458987e-07,0.029367923736572266,5.892302726636391e-15,True,12
49,1000,0.2,0.8,8.851308668237188e-07,0.10541224479675293,2.3706374704529056e-14,True,19
50,10000,0.2,0.8,7.861668483059093e-07,0.3916282653808594,1.9330706724969183e-14,True,19
51,100000,0.2,0.8,8.226383410682898e-07,4.7596259117126465,2.0353514614570246e-14,True,19
52,2,0.4,0.8,7.316387732612642e-07,0.026998043060302734,7.38856648116947e-15,True,12
53,1000,0.4,0.8,8.851308668237188e-07,0.10539650917053223,2.3706374704529056e-14,True,19
54,10000,0.4,0.8,7.861668483059093e-07,0.3977997303009033,1.9330706724969183e-14,True,19
55,100000,0.4,0.8,8.226383410682898e-07,4.848820447921753,2.0353514614570246e-14,True,19
56,2,0.6,0.8,5.514085813868081e-07,0.042723894119262695,1.147181092691181e-14,True,19
57,1000,0.6,0.8,6.906901196964829e-07,0.13729238510131836,1.1670762902261144e-14,True,24
58,10000,0.6,0.8,7.076981193872862e-07,0.503028392791748,1.2316802420190068e-14,True,24
59,100000,0.6,0.8,5.932984120980922e-07,5.32281494140625,9.185533691281171e-15,True,24
60,2,0.8,0.8,9.678881449651378e-07,0.12986016273498535,1.6611365284908032e-14,True,56
61,1000,0.8,0.8,9.733829258326824e-07,0.3766520023345947,2.9051526366308246e-14,True,63
62,10000,0.8,0.8,8.943037104833909e-07,1.4602861404418945,2.5763368190791628e-14,True,67
63,100000,0.8,0.8,9.833796729487243e-07,15.41465711593628,3.013993984428376e-14,True,68
