,n,rho,C1,norm_gradient,time,final_score,converges,iterations
0,2,0.2,0.2,5.577018880458987e-07,0.014098405838012695,5.892302726636391e-15,True,12
1,1000,0.2,0.2,7.338506970822153e-07,0.025198698043823242,1.4353770819274737e-14,True,16
2,10000,0.2,0.2,7.338506970822154e-07,0.08790183067321777,1.4353770819274733e-14,True,16
3,100000,0.2,0.2,7.338506970822153e-07,1.2027318477630615,1.4353770819274737e-14,True,16
4,2,0.2,0.4,3.526845797916777e-07,0.016759634017944336,2.6840303128641787e-15,True,14
5,1000,0.2,0.4,7.338506970822153e-07,0.025438547134399414,1.4353770819274737e-14,True,16
6,10000,0.2,0.4,7.338506970822154e-07,0.07897663116455078,1.4353770819274733e-14,True,16
7,100000,0.2,0.4,7.338506970822153e-07,0.9968712329864502,1.4353770819274737e-14,True,16
8,2,0.2,0.6,8.766737484129933e-07,0.08391118049621582,2.0154574081497133e-14,True,80
9,1000,0.2,0.6,5.170012421336792e-06,0.11740994453430176,1.5580968451709206e-12,True,77
10,10000,0.2,0.6,1.551945137790665e-05,0.3774726390838623,1.4940867530007876e-11,True,77
11,100000,0.2,0.6,4.8806729017785226e-05,4.492296457290649,1.4876857437837682e-10,True,77
12,2,0.2,0.8,8.372509440980717e-07,0.0975794792175293,1.8361873569540977e-14,True,90
13,1000,0.2,0.8,5.170012421336792e-06,0.11767697334289551,1.5580968451709206e-12,True,77
14,10000,0.2,0.8,1.551945137790665e-05,0.3704087734222412,1.4940867530007876e-11,True,77
15,100000,0.2,0.8,4.8806729017785226e-05,4.418543100357056,1.4876857437837682e-10,True,77
16,2,0.4,0.2,5.577018880458987e-07,0.016339778900146484,5.892302726636391e-15,True,12
17,1000,0.4,0.2,7.338506970822153e-07,0.025076866149902344,1.4353770819274737e-14,True,16
18,10000,0.4,0.2,7.338506970822154e-07,0.07861638069152832,1.4353770819274733e-14,True,16
19,100000,0.4,0.2,7.338506970822153e-07,0.9156718254089355,1.4353770819274737e-14,True,16
20,2,0.4,0.4,3.313372488070706e-07,0.016787052154541016,2.4702978894925087e-15,True,13
21,1000,0.4,0.4,7.338506970822153e-07,0.02499556541442871,1.4353770819274737e-14,True,16
22,10000,0.4,0.4,7.338506970822154e-07,0.08052992820739746,1.4353770819274733e-14,True,16
23,100000,0.4,0.4,7.338506970822153e-07,0.9036624431610107,1.4353770819274737e-14,True,16
24,2,0.4,0.6,1.0422147801445498e-06,0.03941082954406738,1.4490751871686675e-14,True,36
25,1000,0.4,0.6,3.382902132759197e-06,0.05425596237182617,6.186096442418046e-13,True,35
26,10000,0.4,0.6,9.289799688803521e-06,0.1742386817932129,5.297131457029543e-12,True,35
27,100000,0.4,0.6,2.889401135946282e-05,1.9986796379089355,5.208234958490717e-11,True,35
28,2,0.4,0.8,9.902995670647085e-07,0.0837242603302002,2.1673363892163712e-14,True,78
29,1000,0.4,0.8,5.416466244827852e-06,0.12648630142211914,1.6975107312586512e-12,True,80
30,10000,0.4,0.8,1.677931087341334e-05,0.36041259765625,1.7438266026608113e-11,True,74
31,100000,0.4,0.8,4.6514187559834684e-05,3.9122509956359863,1.3508485340024462e-10,True,67
32,2,0.6,0.2,5.577018880458987e-07,0.01562809944152832,5.892302726636391e-15,True,12
33,1000,0.6,0.2,7.338506970822153e-07,0.024845600128173828,1.4353770819274737e-14,True,16
34,10000,0.6,0.2,7.338506970822154e-07,0.07818174362182617,1.4353770819274733e-14,True,16
35,100000,0.6,0.2,7.338506970822153e-07,0.9033024311065674,1.4353770819274737e-14,True,16
36,2,0.6,0.4,2.2274623040500718e-07,0.014739513397216797,1.370635588996263e-15,True,13
37,1000,0.6,0.4,7.338506970822153e-07,0.024810314178466797,1.4353770819274737e-14,True,16
38,10000,0.6,0.4,7.338506970822154e-07,0.07991766929626465,1.4353770819274733e-14,True,16
39,100000,0.6,0.4,7.338506970822153e-07,0.9068608283996582,1.4353770819274737e-14,True,16
40,2,0.6,0.6,7.353291274297878e-07,0.023920536041259766,1.7423361871202535e-14,True,22
41,1000,0.6,0.6,1.4989864640051184e-06,0.035634517669677734,7.509965435463781e-14,True,22
42,10000,0.6,0.6,1.91904332915035e-06,0.10839319229125977,1.648350839467886e-13,True,22
43,100000,0.6,0.6,4.247398744880844e-06,1.2711327075958252,1.0621893798682947e-12,True,22
44,2,0.6,0.8,9.246881951986051e-07,0.06978726387023926,1.6908010493569233e-14,True,65
45,1000,0.6,0.8,4.984637557668571e-06,0.06246757507324219,1.3857874409019722e-12,True,39
46,10000,0.6,0.8,1.4232480556614449e-05,0.1911306381225586,1.2493092589888176e-11,True,39
47,100000,0.6,0.8,4.44941840573044e-05,2.273909568786621,1.2356614407974984e-10,True,39
48,2,0.8,0.2,5.577018880458987e-07,0.01668381690979004,5.892302726636391e-15,True,12
49,1000,0.8,0.2,7.338506970822153e-07,0.027948856353759766,1.4353770819274737e-14,True,16
50,10000,0.8,0.2,7.338506970822154e-07,0.07904767990112305,1.4353770819274733e-14,True,16
51,100000,0.8,0.2,7.338506970822153e-07,0.9281539916992188,1.4353770819274737e-14,True,16
52,2,0.8,0.4,7.316387732612642e-07,0.014873504638671875,7.38856648116947e-15,True,12
53,1000,0.8,0.4,7.338506970822153e-07,0.02535533905029297,1.4353770819274737e-14,True,16
54,10000,0.8,0.4,7.338506970822154e-07,0.08249378204345703,1.4353770819274733e-14,True,16
55,100000,0.8,0.4,7.338506970822153e-07,0.9066388607025146,1.4353770819274737e-14,True,16
56,2,0.8,0.6,1.2810878665705581e-06,0.02210068702697754,7.952085971977653e-14,True,18
57,1000,0.8,0.6,8.926411717153304e-07,0.03223466873168945,2.6294777794910884e-14,True,20
58,10000,0.8,0.6,1.6016122721225672e-06,0.09755325317382812,8.603836328978301e-14,True,19
59,100000,0.8,0.6,1.4019723652564556e-06,1.1093177795410156,7.16125452031927e-14,True,19
60,2,0.8,0.8,9.678881449651378e-07,0.06302094459533691,1.6611365284908032e-14,True,56
61,1000,0.8,0.8,3.732395983357852e-06,0.07117533683776855,7.82079562885951e-13,True,43
62,10000,0.8,0.8,1.0735598978335025e-05,0.2198352813720703,7.11472342826729e-12,True,43
63,100000,0.8,0.8,3.3592798958914604e-05,2.701143980026245,7.044116208208058e-11,True,43
